Workbook

Sheet HUONG_DAN
A1: TEMPLATE DỮ LIỆU DASHBOARD CEO
A3: Cách dùng
A4: 1. Điền THONG_TIN và DON_VI trước; tên đơn vị ở DON_VI là tên duy nhất dùng ở mọi sheet.
A5: 2. Mỗi sheet: dòng 1 là mã cột (không sửa), dòng 2 là mô tả, dữ liệu bắt đầu từ dòng 3.
A6: 3. Cột tiêu đề màu cam là bắt buộc. Ô không có số liệu thì để trống — dashboard hiện '—', không hiểu là 0.
A7: 4. Đơn vị tính ghi trong mô tả cột: GTGD/NAV/dư nợ = tỷ đồng; phí/DTPN = triệu đồng; thị phần = % (2,41 nghĩa là 2,41%).
A8: 5. Không nhập số tính lại được: lũy kế tháng, AUM, Δ phiên trước, bình quân, tổng toàn công ty, tỷ lệ % — dashboard tự tính.
A9: 6. Chạy: python tools/excel_to_json.py <file>.xlsx → kiểm tra và ghi data.json.
A11: Các sheet
A12: THONG_TIN — Ngày chốt và tên nguồn: Một dòng mỗi khóa (danh sách khóa cố định).
A13: DON_VI — Danh mục đơn vị: Một dòng mỗi đơn vị kinh doanh. Tên ở đây là tên duy nhất dùng trong mọi sheet.
A14: NGAY — Chuỗi theo phiên: Một dòng mỗi (phiên, đơn vị) từ đầu tháng đến ngay_bao_cao; thêm dòng đơn vị 'Toàn công ty'.
... A21: Đơn vị đặc biệt 'Toàn công ty' chỉ dùng ở NGAY và KY (số công bố toàn công ty, không phải tổng các đơn vị).

Sheet THONG_TIN
A1: khoa | B1: gia_tri | C1: mo_ta
A2: Mã khóa — không sửa. | B2: Ngày ghi dd/mm/yyyy; nguồn ghi tên file/báo cáo. | C2: Diễn giải — không cần sửa.
A3: ngay_bao_cao | C3: Ngày dữ liệu kinh doanh (phiên cuối trong sheet NGAY).
A4: ngay_chot_kh | C4: Ngày chốt tổng KH và luồng KH mới (sheet KH).
A5: ngay_gan_nhan | C5: Ngày gán nhãn A–D và PKKH (thường là cuối tháng trước).
A6: ngay_hieu_qua_abcd | C6: Ngày đo quy mô/hiệu quả A–D (sheet ABCD).
A7: abcd_tuan_tu_ngay | C7: Ngày bắt đầu giai đoạn 'riêng tuần' của A–D; kết thúc tại ngay_hieu_qua_abcd.
A8: ngay_hieu_qua_pkkh | C8: Ngày đo hiệu quả PKKH (sheet PKKH).
A9: ngay_chot_nhan_su | C9: Ngày chốt cây nhân sự và DTPN MG/CTV (sheet PHONG).
A10: ngay_nhan_su_ky_truoc | C10: Mốc so sánh số MG/CTV (thường là cuối tháng trước).
A11: nguon_kinh_doanh | C11: Tên nguồn số kinh doanh (sheet NGAY, KY).
A12: nguon_kh | C12: Tên nguồn KH / luồng KH mới (sheet KH).
A13: nguon_abcd | C13: Tên nguồn nhãn A–D (sheet ABCD).
A14: nguon_pkkh | C14: Tên nguồn phân khúc PKKH (sheet PKKH).
A15: nguon_nhan_su | C15: Tên nguồn cây nhân sự / DTPN MG-CTV (sheet PHONG).

Sheet DON_VI
A1: ten_don_vi | B1: kenh | C1: thu_tu
A2: Tên hiển thị, ví dụ 'HCM', 'Hoàn Kiếm'. Không dùng 'Toàn công ty'. | B2: Kênh mở KH: MG, Digital hoặc Khác. | C2: Thứ tự trong bộ lọc; để trống thì theo thứ tự dòng.

Sheet NGAY
A1: ngay | B1: don_vi | C1: kh_mo_moi | D1: gtgd | E1: phi_net | F1: thi_phan_ngay | G1: thi_phan_bq_luy_ke | H1: du_no | I1: nav | J1: nap_rut_rong | K1: gtgd_thi_truong
A2: Ngày phiên giao dịch. | B2: Tên đơn vị trong DON_VI hoặc 'Toàn công ty'. | C2: Số KH mở mới trong ngày. [KH] | D2: Giá trị giao dịch trong ngày. [tỷ đồng] | E2: Doanh thu phí net trong ngày. [triệu đồng] | F2: Thị phần trong ngày (ví dụ 2,41 = 2,41%). [%] | G2: Thị phần bình quân lũy kế từ đầu tháng đến ngày này. [%] | H2: Dư nợ cuối ngày (không gồm KH nợ xấu). [tỷ đồng] | I2: NAV cuối ngày. [tỷ đồng] | J2: Nạp − rút trong ngày (âm = rút ròng). [tỷ đồng] | K2: GTGD toàn thị trường; chỉ điền ở dòng 'Toàn công ty'. [tỷ đồng]

Sheet KY
A1: don_vi | B1: thi_phan_ke_hoach | C1: gtgd_cung_ky | D1: phi_cung_ky | E1: thi_phan_cung_ky | F1: thi_phan_hose | G1: thi_phan_hnx | H1: thi_phan_upcom | I1: thi_phan_hose_cung_ky | J1: thi_phan_hnx_cung_ky | K1: thi_phan_upcom_cung_ky | L1: du_no_margin | M1: du_no_ung_truoc | N1: du_no_3_ben | O1: tien_nap | P1: tien_rut | Q1: so_kh_nap | R1: so_kh_rut | S1: dieu_chuyen_noi_bo
A2: Tên đơn vị hoặc 'Toàn công ty'. | B2: Thị phần kế hoạch tháng. [%] | C2: GTGD lũy kế cùng kỳ tháng trước (cùng số phiên). [tỷ đồng] | D2: Phí net lũy kế cùng kỳ tháng trước. [triệu đồng] | E2: Thị phần BQ cùng kỳ tháng trước. [%] | F2: Thị phần BQ tháng trên HOSE. [%] | G2: Thị phần BQ tháng trên HNX. [%] | H2: Thị phần BQ tháng trên UPCOM. [%] | I2: Thị phần HOSE cùng kỳ tháng trước. [%] | J2: Thị phần HNX cùng kỳ tháng trước. [%] | K2: Thị phần UPCOM cùng kỳ tháng trước. [%] | L2: Dư nợ margin thuần cuối ngày báo cáo. [tỷ đồng] | M2: Dư nợ ứng trước cuối ngày báo cáo. [tỷ đồng] | N2: Dư nợ 3 bên cuối ngày báo cáo. [tỷ đồng] | O2: Tiền nạp trong ngày báo cáo. [tỷ đồng] | P2: Tiền rút trong ngày báo cáo. [tỷ đồng] | Q2: Số KH nạp tiền trong ngày báo cáo. [KH] | R2: Số KH rút tiền trong ngày báo cáo. [KH] | S2: Điều chuyển nội bộ lũy kế tháng (tách khỏi dòng tiền ngoài). [tỷ đồng]

Sheet KH
A1: don_vi | B1: tong_kh | C1: kh_moi_nop_tien | D1: kh_moi_khop_lenh | E1: nav_kh_moi | F1: du_no_kh_moi | G1: gtgd_kh_moi | H1: phi_kh_moi
A2: Tên đơn vị trong DON_VI. | B2: Tổng KH hiện tại của đơn vị. [KH] | C2: Trong KH mở mới tháng: số KH đã nộp tiền. [KH] | D2: Trong KH mở mới tháng: số KH đã khớp lệnh. [KH] | E2: NAV của tệp KH mở mới tháng. [tỷ đồng] | F2: Dư nợ của tệp KH mở mới tháng. [tỷ đồng] | G2: GTGD lũy kế tháng của tệp KH mở mới. [tỷ đồng] | H2: Phí net lũy kế tháng của tệp KH mở mới. [triệu đồng]

Sheet PHONG
A1: don_vi | B1: ma_phong | C1: ten_phong | D1: truong_phong | E1: chua_phan_phong | F1: so_mg | G1: so_ctv | H1: so_khac | I1: so_mg_ky_truoc | J1: so_ctv_ky_truoc | K1: dtpn_mg | L1: dtpn_ctv | M1: dtpn_chua_phan_loai | N1: dtpn_cung_ky | O1: du_no_bq | P1: gtgd_thang | Q1: nav | R1: kh_mo_moi | S1: kh_moi_nop_tien | T1: kh_moi_khop_lenh | U1: kh_cu | V1: kh_cu_khop_lenh | W1: suc_mua
A2: Tên đơn vị; để trống nếu nhân sự chưa gắn trung tâm. | B2: Mã phòng, duy nhất trong đơn vị. | C2: Tên phòng. | D2: Họ tên trưởng phòng. | E2: Ghi x nếu dòng gom nhân sự chưa phân phòng. | F2: Số MG tại ngày chốt. [người] | G2: Số CTV tại ngày chốt. [người] | H2: Số nhân sự loại khác (OTHER), không gộp vào MG/CTV. [người] | I2: Số MG tại ngay_nhan_su_ky_truoc. [người] | J2: Số CTV tại ngay_nhan_su_ky_truoc. [người] | K2: DTPN lũy kế tháng do MG mang về. [triệu đồng] | L2: DTPN lũy kế tháng do CTV mang về. [triệu đồng] | M2: DTPN lũy kế tháng chưa xác định MG/CTV. [triệu đồng] | N2: DTPN lũy kế cùng kỳ tháng trước của phòng. [triệu đồng] | O2: Dư nợ bình quân tháng. [tỷ đồng] | P2: GTGD lũy kế tháng. [tỷ đồng] | Q2: NAV cuối ngày. [tỷ đồng] | R2: KH mở mới lũy kế tháng. [KH] | S2: KH mới đã nộp tiền. [KH] | T2: KH mới đã khớp lệnh lần đầu. [KH] | U2: Tổng KH cũ. [KH] | V2: KH cũ có khớp lệnh trong tháng. [KH] | W2: Sức mua khả dụng. [tỷ đồng]

Sheet ABCD
A1: don_vi | B1: nhom | C1: so_kh_chot | D1: so_kh_hien_tai | E1: kh_khop_thang | F1: nav_hien_tai | G1: nav_bq_thang_truoc | H1: tien_mat_hien_tai | I1: tien_mat_bq_thang_truoc | J1: gtgd_luy_ke | K1: gtgd_thang_truoc | L1: phi_luy_ke | M1: phi_thang_truoc | N1: kh_khop_tuan | O1: gtgd_tuan | P1: phi_tuan
A2: Tên đơn vị trong DON_VI (đơn vị quản lý tại ngay_gan_nhan). | B2: A/B/C/D; NAV_AM = KH NAV âm (nhãn chồng, chỉ điền so_kh_hien_tai). | C2: Số KH của nhóm tại ngay_gan_nhan. [KH] | D2: Số KH của nhóm tại ngay_hieu_qua_abcd. [KH] | E2: Số KH có khớp lệnh lũy kế tháng. [KH] | F2: NAV hiện tại của nhóm. [tỷ đồng] | G2: NAV bình quân tháng trước. [tỷ đồng] | H2: Tiền mặt hiện tại (chỉ cộng số dư dương). [tỷ đồng] | I2: Tiền mặt bình quân tháng trước. [tỷ đồng] | J2: GTGD lũy kế tháng. [tỷ đồng] | K2: GTGD cả tháng trước. [tỷ đồng] | L2: Phí net lũy kế tháng. [triệu đồng] | M2: Phí net cả tháng trước. [triệu đồng] | N2: Số KH khớp lệnh trong giai đoạn tuần. [KH] | O2: GTGD trong giai đoạn tuần. [tỷ đồng] | P2: Phí net trong giai đoạn tuần. [triệu đồng]

Sheet PKKH
A1: don_vi | B1: phan_khuc | C1: so_kh | D1: kh_khop_thang | E1: nav_hien_tai | F1: nav_bq_thang_truoc | G1: du_no_hien_tai | H1: du_no_bq_thang_truoc | I1: gtgd_luy_ke | J1: gtgd_thang_truoc | K1: phi_luy_ke | L1: phi_thang_truoc
A2: Tên đơn vị trong DON_VI. | B2: Tên phân khúc. | C2: Số KH gắn nhãn đầu tháng. [KH] | D2: Số KH có khớp lệnh lũy kế tháng. [KH] | E2: NAV tại ngay_hieu_qua_pkkh. [tỷ đồng] | F2: NAV bình quân tháng trước. [tỷ đồng] | G2: Dư nợ tại ngay_hieu_qua_pkkh. [tỷ đồng] | H2: Dư nợ bình quân tháng trước. [tỷ đồng] | I2: GTGD lũy kế tháng. [tỷ đồng] | J2: GTGD cả tháng trước. [tỷ đồng] | K2: Phí net lũy kế tháng. [triệu đồng] | L2: Phí net cả tháng trước. [triệu đồng]

Sheet _DS
A1: Toàn công ty
A2: =IF(DON_VI!A3="","",DON_VI!A3)
A3: =IF(DON_VI!A4="","",DON_VI!A4)
A4: =IF(DON_VI!A5="","",DON_VI!A5)
A5: =IF(DON_VI!A6="","",DON_VI!A6)
A6: =IF(DON_VI!A7="","",DON_VI!A7)
A7: =IF(DON_VI!A8="","",DON_VI!A8)
A8: =IF(DON_VI!A9="","",DON_VI!A9)
A9: =IF(DON_VI!A10="","",DON_VI!A10)
A10: =IF(DON_VI!A11="","",DON_VI!A11)
A11: =IF(DON_VI!A12="","",DON_VI!A12)
A12: =IF(DON_VI!A13="","",DON_VI!A13)
A13: =IF(DON_VI!A14="","",DON_VI!A14)
... A201: =IF(DON_VI!A202="","",DON_VI!A202)
